study,run,task,method,evaluation,cohort,points,global_position_mm,root_relative_position_mm,body_velocity_mm_frame,root_velocity_mm_frame,body_acceleration_mm_frame2,inclusion_pct,success_pct,completion_pct,mean_survival_s
methods,main,equal_task_mean,Original,open_loop,first_second,24,38.42022154890413,20.387222877968185,3.3900635301652335,3.4595281111134306,0.771469292356557,100.0,,,
methods,main,equal_task_mean,FT-only,open_loop,first_second,24,38.42022154890413,20.387222877968185,3.3900635301652335,3.4595281111134306,0.771469292356557,100.0,,,
methods,main,equal_task_mean,Delta action,open_loop,first_second,24,31.12053642932661,16.634228250874383,2.6815272874263862,2.6778290361630055,0.6631912980253143,100.0,,,
methods,main,equal_task_mean,Passive SysID,open_loop,first_second,24,31.49586468329505,16.88190299815218,2.8946013698154522,3.0091574610748295,0.6768148081365902,100.0,,,
methods,main,equal_task_mean,Active SysID,open_loop,first_second,24,9.351232653904633,5.469936953992011,0.9099304495546555,0.8550233260946393,0.32301071608954934,100.0,,,
methods,main,equal_task_mean,Common torque,open_loop,first_second,24,24.974169039385043,13.680474709286754,2.251364129156039,2.2289018157283222,0.6608162492539322,100.0,,,
methods,main,equal_task_mean,Excitation torque,open_loop,first_second,24,30.962053528986687,16.56815635863181,2.7409028375293754,2.7364559512558686,0.7219975254684964,100.0,,,
methods,main,SquatL1,Original,closed_loop,first_second,27,94.89706841923656,36.39411032294519,3.9314742753238128,3.498553748394729,1.7111431637315668,100.0,44.791666666666664,53.125,4.5460416666666665
methods,main,SquatL1,Original,closed_loop,successful_full_motion,27,126.13597913597233,50.61914558490484,3.0253809228679978,2.8011529699730464,0.8284146449611,44.791666666666664,44.791666666666664,53.125,4.5460416666666665
methods,main,SquatL1,FT-only,closed_loop,first_second,27,92.83730931921842,34.94444381832027,3.727184904091189,3.45548052217454,1.7069937722867403,100.0,100.0,100.0,5.22
methods,main,SquatL1,FT-only,closed_loop,successful_full_motion,27,93.2500516902627,43.279488111625845,2.6396206321946636,2.590593170587224,0.7948594908627328,100.0,100.0,100.0,5.22
methods,main,SquatL1,Delta action,closed_loop,first_second,27,91.1169444371828,34.34225214605718,3.626944649363441,3.274229530319888,1.7048042081304846,100.0,91.66666666666667,91.66666666666667,5.088749999999999
methods,main,SquatL1,Delta action,closed_loop,successful_full_motion,27,104.81720551006883,55.783026169640316,2.8147904946259246,2.7721513157224926,0.7972193270365789,91.66666666666667,91.66666666666667,91.66666666666667,5.088749999999999
methods,main,SquatL1,Passive SysID,closed_loop,first_second,27,90.5541728565078,35.1410233015301,3.7838880844107883,3.2686962889612374,1.7549087667185361,100.0,96.875,96.875,5.173125
methods,main,SquatL1,Passive SysID,closed_loop,successful_full_motion,27,94.99880920808054,43.274525304173515,2.819369275215792,2.698782948296595,0.8236288667018669,96.875,96.875,96.875,5.173125
methods,main,SquatL1,Active SysID,closed_loop,first_second,27,93.11834063430116,38.7969872077597,3.8475943501187975,3.189398573966853,1.7316875851385192,100.0,95.83333333333333,95.83333333333333,5.1274999999999995
methods,main,SquatL1,Active SysID,closed_loop,successful_full_motion,27,106.54747499801363,44.631371001507176,2.8409730626724436,2.618999679305737,0.807239712202177,95.83333333333333,95.83333333333333,95.83333333333333,5.1274999999999995
methods,main,SquatL1,Common torque,closed_loop,first_second,27,92.49938678589722,37.15827761668833,3.9812999416630586,3.7358062113450785,1.7162661798973213,100.0,100.0,100.0,5.22
methods,main,SquatL1,Common torque,closed_loop,successful_full_motion,27,105.28224388763341,44.93777115933955,2.8025004564477634,2.6690550432428215,0.8091966260867597,100.0,100.0,100.0,5.22
methods,main,SquatL1,Excitation torque,closed_loop,first_second,27,94.62618950796595,34.47092165827966,3.86629096466563,3.6425032778092814,1.7227331160208756,100.0,98.95833333333333,98.95833333333333,5.191249999999999
methods,main,SquatL1,Excitation torque,closed_loop,successful_full_motion,27,99.16779847512115,46.865906917233126,2.5444924769592,2.391972649287783,0.7855249388695187,98.95833333333333,98.95833333333333,98.95833333333333,5.191249999999999
methods,main,CR7,Original,closed_loop,first_second,27,123.46736831081506,43.259819839179634,6.357659996814651,5.277093875057552,2.661625573383612,100.0,100.0,100.0,3.9200000000000013
methods,main,CR7,Original,closed_loop,successful_full_motion,27,133.68255170468683,50.98507757500514,7.528933613186556,5.8296078710537484,3.4168358847602076,100.0,100.0,100.0,3.9200000000000013
methods,main,CR7,FT-only,closed_loop,first_second,27,119.98304449022703,53.269993438163375,6.104170279736272,5.335990008582232,2.5685180879830107,100.0,100.0,100.0,3.9200000000000013
methods,main,CR7,FT-only,closed_loop,successful_full_motion,27,114.46689299794879,57.11314392825091,6.676885979932681,5.681148267490321,3.1037657619158696,100.0,100.0,100.0,3.9200000000000013
methods,main,CR7,Delta action,closed_loop,first_second,27,125.6163316512683,47.79539959598025,6.051245762321763,4.9450055081453455,2.7075084672133216,100.0,94.79166666666667,96.875,3.846250000000001
methods,main,CR7,Delta action,closed_loop,successful_full_motion,27,124.8161633664754,56.39281868101561,7.266721819969237,6.030930773464738,3.1610940008384163,94.79166666666667,94.79166666666667,96.875,3.846250000000001
methods,main,CR7,Passive SysID,closed_loop,first_second,27,129.5746473844496,56.10076260969643,6.9075082658202875,6.074051537392085,2.6709786678080034,95.83333333333333,79.16666666666667,80.20833333333333,3.4393750000000005
methods,main,CR7,Passive SysID,closed_loop,successful_full_motion,27,115.16635125425235,57.1319694720284,7.194322295380826,6.075479350328917,3.231819230198708,79.16666666666667,79.16666666666667,80.20833333333333,3.4393750000000005
methods,main,CR7,Active SysID,closed_loop,first_second,27,123.4181239237106,49.29436913828347,6.519193766937367,5.680507410322849,2.689852103175223,95.83333333333333,89.58333333333333,90.625,3.664791666666668
methods,main,CR7,Active SysID,closed_loop,successful_full_motion,27,121.87734538994405,55.52648887660777,6.9926502267619535,5.861914520225132,3.1847172857009767,89.58333333333333,89.58333333333333,90.625,3.664791666666668
methods,main,CR7,Common torque,closed_loop,first_second,27,136.24255975333926,59.016799972632676,7.310971728372828,6.64999077274667,2.66653539787745,89.58333333333333,67.70833333333333,72.91666666666667,3.1914583333333337
methods,main,CR7,Common torque,closed_loop,successful_full_motion,27,126.64886502337484,56.96531210068504,7.090353557975446,5.887303845075358,3.1275661034092135,67.70833333333333,67.70833333333333,72.91666666666667,3.1914583333333337
methods,main,CR7,Excitation torque,closed_loop,first_second,27,138.2154712781443,64.35094834483523,8.203457208985427,7.092719671907384,3.02501699304168,85.41666666666667,54.166666666666664,57.291666666666664,2.754583333333334
methods,main,CR7,Excitation torque,closed_loop,successful_full_motion,27,127.74056954905167,59.049338883698354,7.685023638475554,6.159055420396276,3.1933577543699654,54.166666666666664,54.166666666666664,57.291666666666664,2.754583333333334
methods,main,StepFBL1,Original,closed_loop,first_second,27,91.10803610595535,43.14410636421951,5.3936410536589605,4.991778641482291,1.8091267875553088,100.0,1.0416666666666667,1.0416666666666667,1.9641666666666666
methods,main,StepFBL1,Original,closed_loop,successful_full_motion,27,91.74655058729223,41.646434825215735,3.6354056271879736,3.075794261671707,1.1765294088849914,1.0416666666666667,1.0416666666666667,1.0416666666666667,1.9641666666666666
methods,main,StepFBL1,FT-only,closed_loop,first_second,27,77.68581310639554,43.028947285861534,4.948402048455824,4.241748779583285,1.9131406051127957,100.0,36.458333333333336,40.625,3.359583333333333
methods,main,StepFBL1,FT-only,closed_loop,successful_full_motion,27,119.88746986860936,47.44588309705036,4.670212254337508,3.97115405134831,1.2694387415220678,36.458333333333336,36.458333333333336,40.625,3.359583333333333
methods,main,StepFBL1,Delta action,closed_loop,first_second,27,80.79125648753443,46.99291342175642,4.091658150782207,4.098601016632398,1.6665806921667066,100.0,37.5,38.541666666666664,2.969583333333334
methods,main,StepFBL1,Delta action,closed_loop,successful_full_motion,27,86.82138936299599,48.481918724581305,3.963061856658913,3.568735550476317,1.2409581690699854,37.5,37.5,38.541666666666664,2.969583333333334
methods,main,StepFBL1,Passive SysID,closed_loop,first_second,27,62.851167475952444,39.78460112741208,3.432516517173506,2.703636596517118,1.7379414103727322,100.0,100.0,100.0,3.9200000000000013
methods,main,StepFBL1,Passive SysID,closed_loop,successful_full_motion,27,85.32119306541787,47.885252044253214,3.906945315282322,3.3046042832562588,1.2736631805137557,100.0,100.0,100.0,3.9200000000000013
methods,main,StepFBL1,Active SysID,closed_loop,first_second,27,78.32460422350148,43.884050024973796,5.203436648883432,4.341407509361468,2.0299100357748827,100.0,90.625,90.625,3.718333333333334
methods,main,StepFBL1,Active SysID,closed_loop,successful_full_motion,27,96.33902219055656,47.447415483941434,4.672728680443833,4.13289287062578,1.3073810403938781,90.625,90.625,90.625,3.718333333333334
methods,main,StepFBL1,Common torque,closed_loop,first_second,27,66.45190284333063,36.93439519398737,3.5474242517755883,2.97716669409467,1.6954801416545795,100.0,84.375,85.41666666666667,3.755000000000001
methods,main,StepFBL1,Common torque,closed_loop,successful_full_motion,27,91.69095700131906,45.20328473313041,3.710465482280234,3.2513282127537133,1.2725173832258716,84.375,84.375,85.41666666666667,3.755000000000001
methods,main,StepFBL1,Excitation torque,closed_loop,first_second,27,85.09118261998897,43.46077802148562,6.63401377548718,5.435623769826948,2.4335115689116917,100.0,85.41666666666667,86.45833333333333,3.7600000000000002
methods,main,StepFBL1,Excitation torque,closed_loop,successful_full_motion,27,113.38176378623467,55.26511727603018,4.982261462070046,4.54817755866724,1.3418807012544143,85.41666666666667,85.41666666666667,86.45833333333333,3.7600000000000002
selection,shared,equal_task_mean,Uncalibrated simulation,open_loop,first_second,24,39.77359309837598,21.042807202106147,3.4972440370002444,3.5207466090396093,0.7987939268828465,100.0,,,
selection,primary,StepFBL1,Random windows,closed_loop,first_second,27,99.75913567129597,47.90134229739846,6.1521533640295845,5.965134092600511,1.9132548236069624,100.0,0.0,0.0,1.6885416666666668
selection,primary,StepFBL1,Random windows,closed_loop,successful_full_motion,27,,,,,,0.0,0.0,0.0,1.6885416666666668
selection,primary,equal_task_mean,Random windows,open_loop,first_second,24,35.57516407829655,18.358517450004975,3.0292885086964305,3.0291354700435895,0.8167201425151527,100.0,,,
selection,primary,CR7,Random windows,open_loop,first_second,24,32.94739838486168,20.275531304476257,3.118904179755119,2.9316433948858354,1.0760170295360345,,,,
selection,primary,SquatL1,Random windows,open_loop,first_second,24,25.39199185943363,12.373451181706978,1.9348829273458563,2.0583082171344698,0.3711170387665249,,,,
selection,primary,StepFBL1,Random windows,open_loop,first_second,24,48.386101990594355,22.426569863831688,4.034078418988316,4.097454798110464,1.003026359242899,,,,
selection,primary,StepFBL1,Servo-error coverage,closed_loop,first_second,27,107.3951814947681,45.57884959906253,6.762218631740663,6.170095657520807,1.923476701794973,100.0,0.0,0.0,1.7266666666666666
selection,primary,StepFBL1,Servo-error coverage,closed_loop,successful_full_motion,27,,,,,,0.0,0.0,0.0,1.7266666666666666
selection,primary,equal_task_mean,Servo-error coverage,open_loop,first_second,24,42.93170531025805,23.31722529845219,3.7659008466860384,3.823805668880061,0.8469768534011243,100.0,,,
selection,primary,CR7,Servo-error coverage,open_loop,first_second,24,36.165575745152886,23.181211427093476,3.739517798341545,3.585717455323201,1.1353681089429783,,,,
selection,primary,SquatL1,Servo-error coverage,open_loop,first_second,24,27.561022407581383,14.098576239115392,2.09284577142767,2.207766063881562,0.36702747616728104,,,,
selection,primary,StepFBL1,Servo-error coverage,open_loop,first_second,24,65.06851777803988,32.67188822914771,5.4653389702889,5.6779334874354195,1.0385349750931137,,,,
selection,primary,StepFBL1,FT-only,closed_loop,first_second,27,79.51487818135043,40.37582764346265,4.718944574573262,4.210575743024749,1.820986714665496,100.0,5.208333333333333,7.291666666666667,2.43125
selection,primary,StepFBL1,FT-only,closed_loop,successful_full_motion,27,143.26836432043348,44.41284179311683,4.307921809062785,3.6583641824691733,1.2676656244828703,5.208333333333333,5.208333333333333,7.291666666666667,2.43125
selection,repeat,StepFBL1,Random windows,closed_loop,first_second,27,83.22559867976808,46.8267579429907,5.09744645419278,4.6379687200039506,1.868598114221065,100.0,20.833333333333332,21.875,2.747708333333333
selection,repeat,StepFBL1,Random windows,closed_loop,successful_full_motion,27,95.21334299085291,55.455795206740845,4.164269953593695,3.599402366628561,1.1922503338534889,20.833333333333332,20.833333333333332,21.875,2.747708333333333
selection,repeat,equal_task_mean,Random windows,open_loop,first_second,24,31.74356788652028,16.96652901865331,2.8244461640927603,2.8194600472778895,0.8107103780767458,100.0,,,
selection,repeat,CR7,Random windows,open_loop,first_second,24,29.374636864351192,17.212877132271434,2.8320104367938304,2.6112100113500922,1.0139644025642207,,,,
selection,repeat,SquatL1,Random windows,open_loop,first_second,24,26.49862535142022,13.75295938292032,2.075944095261317,2.230219707292321,0.36557475795446515,,,,
selection,repeat,StepFBL1,Random windows,open_loop,first_second,24,39.35744144378943,19.93375054076818,3.5653839602231345,3.6169504231912564,1.0525919737115517,,,,
selection,repeat,StepFBL1,Servo-error coverage,closed_loop,first_second,27,71.32136632307552,40.165548713988066,3.7457444300206606,3.4255831592421253,1.6320036416140795,100.0,33.333333333333336,36.458333333333336,3.234375
selection,repeat,StepFBL1,Servo-error coverage,closed_loop,successful_full_motion,27,99.4198342631119,46.78594212359233,4.034146463680227,3.645573074912356,1.1774296261897315,33.333333333333336,33.333333333333336,36.458333333333336,3.234375
selection,repeat,equal_task_mean,Servo-error coverage,open_loop,first_second,24,39.7971849603835,21.16722724628026,3.475714672700356,3.4870779252399013,0.8461862754014073,100.0,,,
selection,repeat,CR7,Servo-error coverage,open_loop,first_second,24,30.045148234060434,19.07715808620152,3.156578229089307,2.9503962929646006,1.1966412673100018,,,,
selection,repeat,SquatL1,Servo-error coverage,open_loop,first_second,24,34.076133406777565,16.597075546970185,2.7352751233875847,2.958053527472545,0.4082561256505765,,,,
selection,repeat,StepFBL1,Servo-error coverage,open_loop,first_second,24,55.270273240312484,27.827448105669067,4.535290665624177,4.552783955282559,0.9336614332436438,,,,
methods,main,CR7,Original,open_loop,first_second,24,26.92892630438655,16.128464891936563,2.8088341768586265,2.701314192781223,1.0034272781397138,100.0,,,
methods,main,SquatL1,Original,open_loop,first_second,24,31.337336227061307,16.263768130498846,2.533626004186425,2.7047829617327666,0.3825984451627308,100.0,,,
methods,main,StepFBL1,Original,open_loop,first_second,24,56.99440211526454,28.769435611469152,4.827730409450649,4.972487178826303,0.9283821537672268,100.0,,,
methods,main,CR7,FT-only,open_loop,first_second,24,26.92892630438655,16.128464891936563,2.8088341768586265,2.701314192781223,1.0034272781397138,100.0,,,
methods,main,SquatL1,FT-only,open_loop,first_second,24,31.337336227061307,16.263768130498846,2.533626004186425,2.7047829617327666,0.3825984451627308,100.0,,,
methods,main,StepFBL1,FT-only,open_loop,first_second,24,56.99440211526454,28.769435611469152,4.827730409450649,4.972487178826303,0.9283821537672268,100.0,,,
methods,main,CR7,Delta action,open_loop,first_second,24,21.653323394428874,13.554487469145759,2.1749442516600896,2.04845311238231,0.8120064465623994,100.0,,,
methods,main,SquatL1,Delta action,open_loop,first_second,24,18.16918231450408,10.229667750108643,1.4553739267872754,1.4970899226230383,0.2719116755697251,100.0,,,
methods,main,StepFBL1,Delta action,open_loop,first_second,24,53.53910357904689,26.11852953336875,4.414263683831793,4.487944073483667,0.9056557719438183,100.0,,,
methods,main,CR7,Passive SysID,open_loop,first_second,24,28.695432335232244,17.78827152349856,2.954760906350344,2.8546479145592896,1.0723369698422036,100.0,,,
methods,main,SquatL1,Passive SysID,open_loop,first_second,24,26.317004896002214,13.295208134806956,2.17722641114107,2.343969380319577,0.2806676115411474,100.0,,,
methods,main,StepFBL1,Passive SysID,open_loop,first_second,24,39.47515681865069,19.56222933615103,3.551816791954942,3.828855088345622,0.6774398430264195,100.0,,,
methods,main,CR7,Active SysID,open_loop,first_second,24,18.045990662461794,10.88912506822442,1.7591831017189996,1.685259234111787,0.6103948537449021,100.0,,,
methods,main,SquatL1,Active SysID,open_loop,first_second,24,2.948734459389543,1.7115924351380372,0.28179421546986827,0.24395163142192602,0.08340528674315513,100.0,,,
methods,main,StepFBL1,Active SysID,open_loop,first_second,24,7.058972839862565,3.8090933586135756,0.6888140314750988,0.6358591127502047,0.27523200778059076,100.0,,,
methods,main,CR7,Common torque,open_loop,first_second,24,22.535465266537802,14.24673034855852,2.3345824615832407,2.1782461768589325,0.9278664431312926,100.0,,,
methods,main,SquatL1,Common torque,open_loop,first_second,24,16.98642670044763,10.164885471222558,1.427944980262983,1.4420130918749905,0.28947275118420185,100.0,,,
methods,main,StepFBL1,Common torque,open_loop,first_second,24,35.40061515116969,16.629808308079184,2.991564945621892,3.0664461784510433,0.765109553446302,100.0,,,
methods,main,CR7,Excitation torque,open_loop,first_second,24,22.465105816302184,14.124578064381007,2.3554208801566565,2.234879033461964,0.9410379895373193,100.0,,,
methods,main,SquatL1,Excitation torque,open_loop,first_second,24,21.49380630838806,11.76712483235323,1.7670730474820033,1.8427203418179001,0.3107104164842814,100.0,,,
methods,main,StepFBL1,Excitation torque,open_loop,first_second,24,48.927248462269816,23.81276617916119,4.100214584949466,4.131768478487742,0.9142441703838887,100.0,,,
source_quality,source_A,SquatL1,FT-only,closed_loop,first_second,27,90.79023679550073,33.64480587839467,3.6658621467057855,3.49410864042553,1.7119428136710095,100.0,95.83333333333333,95.83333333333333,5.1379166666666665
source_quality,source_A,SquatL1,FT-only,closed_loop,successful_full_motion,27,94.37422139671385,40.96594395479938,2.5424451986837795,2.486919191538392,0.79634827379405,95.83333333333333,95.83333333333333,95.83333333333333,5.1379166666666665
source_quality,source_A,SquatL1,Original,closed_loop,first_second,27,91.91187175143978,35.103021251558935,3.784514340131654,3.31670183621784,1.7253692513487753,100.0,88.54166666666667,88.54166666666667,5.03625
source_quality,source_A,SquatL1,Original,closed_loop,successful_full_motion,27,86.43372624805352,39.57307009541094,2.4692928224224877,2.3029731285826758,0.8169228573259676,88.54166666666667,88.54166666666667,88.54166666666667,5.03625
source_quality,source_A,CR7,FT-only,closed_loop,first_second,27,119.93511978493514,53.961410374451994,6.063879271245029,5.306660443423402,2.5768993532387783,100.0,100.0,100.0,3.9200000000000013
source_quality,source_A,CR7,FT-only,closed_loop,successful_full_motion,27,116.59252922030264,58.04468360971321,6.7039881400582475,5.681522643343946,3.1172814461159883,100.0,100.0,100.0,3.9200000000000013
source_quality,source_A,CR7,Original,closed_loop,first_second,27,122.2062594133705,43.5617076886688,6.268318752666834,5.263255725561653,2.6686557173798335,100.0,100.0,100.0,3.9200000000000013
source_quality,source_A,CR7,Original,closed_loop,successful_full_motion,27,120.05783625142423,49.110424604178185,7.32456973220767,5.675361471326062,3.4202922543983214,100.0,100.0,100.0,3.9200000000000013
source_quality,source_A,StepFBL1,FT-only,closed_loop,first_second,27,67.9555231132518,42.55437793273854,4.372141653393914,3.5956619010872686,1.8688953016742236,100.0,97.91666666666667,97.91666666666667,3.8912500000000008
source_quality,source_A,StepFBL1,FT-only,closed_loop,successful_full_motion,27,76.45682988846619,43.68483997630796,3.6638600736276405,2.9494033878878216,1.2104946106620684,97.91666666666667,97.91666666666667,97.91666666666667,3.8912500000000008
source_quality,source_A,StepFBL1,Original,closed_loop,first_second,27,72.19938386366375,40.16295530499978,3.89241803017759,3.4933179712129707,1.7098710736827096,100.0,90.625,90.625,3.7854166666666678
source_quality,source_A,StepFBL1,Original,closed_loop,successful_full_motion,27,87.7252858460417,42.180105494271984,3.9069895428694252,3.5089005840512897,1.1729976004473937,90.625,90.625,90.625,3.7854166666666678
replay_controls,main,equal_task_mean,Common torque zero control,open_loop,first_second,24,37.42596111226596,19.81157327473084,3.3041499853620313,3.3587039951076076,0.7728411411903959,100.0,,,
replay_controls,main,equal_task_mean,Excitation torque zero control,open_loop,first_second,24,37.42596111226596,19.81157327473084,3.3041499853620313,3.3587039951076076,0.7728411411903959,100.0,,,
