rule,source_clip,start,stop,task,phase,velocity_rms,saturation_fraction,contact_proxy_mode,servo_abs_mean,phase_bin,velocity_bin,left_contact_proxy_fraction,right_contact_proxy_fraction,recording
random,CR7__rollout017__segment0,0,54,CR7,0.1398304963515977,2.6297099590301514,0.16981132075471694,3,0.7384295719352931,0,0,0.8518518518518519,0.8148148148148148,CR7__rollout017
random,CR7__rollout013__segment0,25,79,CR7,0.26694914041939427,4.097971439361572,0.25,3,0.7235619843498153,0,1,0.8518518518518519,0.8888888888888888,CR7__rollout013
random,CR7__rollout023__segment0,65,119,CR7,0.4703389588048903,5.458556175231934,0.18867924528301883,0,0.7451256895602983,1,1,0.24074074074074073,0.25925925925925924,CR7__rollout023
random,CR7__rollout015__segment0,60,114,CR7,0.4449152239298417,5.24630069732666,0.21698113207547165,0,0.7008942258056162,1,1,0.3148148148148148,0.25925925925925924,CR7__rollout015
random,CR7__rollout008__segment0,110,164,CR7,0.6991524817579884,1.9228289127349854,0.17452830188679247,3,0.9203945893911379,2,1,0.8888888888888888,0.7962962962962963,CR7__rollout008
random,CR7__rollout028__segment0,105,159,CR7,0.6737287771903863,2.125105142593384,0.15094339622641506,3,0.9709279279172834,2,1,0.8888888888888888,0.7962962962962963,CR7__rollout028
random,SquatL1__rollout013__segment0,10,64,SquatL1,0.1433121133002506,0.5383106470108032,0.0,3,0.41509437358137524,0,0,1.0,1.0,SquatL1__rollout013
random,SquatL1__rollout016__segment0,25,79,SquatL1,0.20063693356362117,0.5874231457710266,0.0,3,0.4669052804301862,0,0,1.0,1.0,SquatL1__rollout016
random,SquatL1__rollout001__segment0,85,139,SquatL1,0.4299362601747938,0.5282793641090393,0.0,3,0.3262848075571522,1,0,1.0,1.0,SquatL1__rollout001
random,SquatL1__rollout025__segment0,50,104,SquatL1,0.29617833483750655,0.7711578011512756,0.0,3,0.6373349662553871,1,1,1.0,1.0,SquatL1__rollout025
random,SquatL1__rollout008__segment0,195,249,SquatL1,0.8503185260068079,2.598937511444092,0.0,3,0.4969169397724333,2,1,0.9629629629629629,0.8703703703703703,SquatL1__rollout008
random,SquatL1__rollout028__segment0,135,189,SquatL1,0.6210190627225645,0.48508769273757935,0.0,3,0.5511963852677376,2,0,1.0,1.0,SquatL1__rollout028
random,StepFBL1__rollout008__segment1,10,64,StepFBL1,0.19067798125541818,0.5414257049560547,0.0,3,0.44503522652513255,0,0,1.0,0.6666666666666666,StepFBL1__rollout008
random,StepFBL1__rollout007__segment1,4,58,StepFBL1,0.16016949031312588,2.7099111080169678,0.0,3,0.5066797258198316,0,1,1.0,0.7777777777777778,StepFBL1__rollout007
random,StepFBL1__rollout002__segment0,20,74,StepFBL1,0.24152542069806893,2.2536048889160156,0.08490566037735847,3,0.5584043327450138,1,1,0.6111111111111112,0.5925925925925926,StepFBL1__rollout002
random,StepFBL1__rollout010__segment1,25,79,StepFBL1,0.26694914041939427,1.695360541343689,0.037735849056603765,3,0.5818754217339174,1,1,0.6666666666666666,0.6481481481481481,StepFBL1__rollout010
random,StepFBL1__rollout006__segment0,35,89,StepFBL1,0.31779661016949157,1.1946992874145508,0.0,3,0.4868689410343442,2,0,0.8148148148148148,0.6111111111111112,StepFBL1__rollout006
random,StepFBL1__rollout016__segment0,35,89,StepFBL1,0.31779661016949157,1.945834994316101,0.061320754716981174,2,0.5459710953497134,2,1,0.48148148148148145,0.6481481481481481,StepFBL1__rollout016
servo,CR7__rollout017__segment0,0,54,CR7,0.1398304963515977,2.6297099590301514,0.16981132075471694,3,0.7384295719352931,0,0,0.8518518518518519,0.8148148148148148,CR7__rollout017
servo,CR7__rollout013__segment0,40,94,CR7,0.3432203147370937,4.183874607086182,0.25,3,0.6506102605916136,0,1,0.5740740740740741,0.6111111111111112,CR7__rollout013
servo,CR7__rollout023__segment0,65,119,CR7,0.4703389588048903,5.458556175231934,0.18867924528301883,0,0.7451256895602983,1,1,0.24074074074074073,0.25925925925925924,CR7__rollout023
servo,CR7__rollout015__segment0,65,119,CR7,0.4703389588048903,5.348382949829102,0.19811320754716977,0,0.7422443289085128,1,1,0.24074074074074073,0.24074074074074073,CR7__rollout015
servo,CR7__rollout008__segment0,100,154,CR7,0.6483050726227841,3.768561363220215,0.14150943396226412,3,0.975664046728615,2,1,0.7777777777777778,0.6666666666666666,CR7__rollout008
servo,CR7__rollout028__segment0,105,159,CR7,0.6737287771903863,2.125105142593384,0.15094339622641506,3,0.9709279279172834,2,1,0.8888888888888888,0.7962962962962963,CR7__rollout028
servo,SquatL1__rollout013__segment0,10,64,SquatL1,0.1433121133002506,0.5383106470108032,0.0,3,0.41509437358137524,0,0,1.0,1.0,SquatL1__rollout013
servo,SquatL1__rollout016__segment0,25,79,SquatL1,0.20063693356362117,0.5874231457710266,0.0,3,0.4669052804301862,0,0,1.0,1.0,SquatL1__rollout016
servo,SquatL1__rollout001__segment0,85,139,SquatL1,0.4299362601747938,0.5282793641090393,0.0,3,0.3262848075571522,1,0,1.0,1.0,SquatL1__rollout001
servo,SquatL1__rollout025__segment0,110,164,SquatL1,0.5254776614486791,0.6039271950721741,0.0,3,0.4224876890941919,1,1,1.0,1.0,SquatL1__rollout025
servo,SquatL1__rollout008__segment0,195,249,SquatL1,0.8503185260068079,2.598937511444092,0.0,3,0.4969169397724333,2,1,0.9629629629629629,0.8703703703703703,SquatL1__rollout008
servo,SquatL1__rollout028__segment0,115,169,SquatL1,0.5445860145957606,0.4323135316371918,0.0,3,0.43116526549713874,2,0,1.0,1.0,SquatL1__rollout028
servo,StepFBL1__rollout008__segment1,10,64,StepFBL1,0.19067798125541818,0.5414257049560547,0.0,3,0.44503522652513255,0,0,1.0,0.6666666666666666,StepFBL1__rollout008
servo,StepFBL1__rollout007__segment0,0,54,StepFBL1,0.1398304963515977,3.612137794494629,0.0,3,0.4056535419195567,0,1,0.9259259259259259,0.7037037037037037,StepFBL1__rollout007
servo,StepFBL1__rollout002__segment0,25,79,StepFBL1,0.26694914041939427,2.445053815841675,0.089622641509434,3,0.5563240453769777,1,1,0.5185185185185185,0.5,StepFBL1__rollout002
servo,StepFBL1__rollout010__segment0,25,79,StepFBL1,0.26694914041939427,1.6592369079589844,0.03301886792452835,3,0.5591633724351202,1,1,0.5925925925925926,0.6666666666666666,StepFBL1__rollout010
servo,StepFBL1__rollout006__segment0,45,99,StepFBL1,0.3686440496121423,1.2559782266616821,0.03301886792452835,3,0.46834071802372895,2,0,0.6296296296296297,0.6666666666666666,StepFBL1__rollout006
servo,StepFBL1__rollout016__segment0,41,95,StepFBL1,0.3483050556506141,2.5933635234832764,0.08018867924528306,2,0.5216189616337981,2,1,0.37037037037037035,0.5370370370370371,StepFBL1__rollout016
low_error,CR7__rollout017__segment0,15,69,CR7,0.2161016858230203,1.2142629623413086,0.24056603773584906,3,0.7265162810041157,0,0,1.0,1.0,CR7__rollout017
low_error,CR7__rollout013__segment0,40,94,CR7,0.3432203147370937,4.183874607086182,0.25,3,0.6506102605916136,0,1,0.5740740740740741,0.6111111111111112,CR7__rollout013
low_error,CR7__rollout023__segment0,55,109,CR7,0.41949151936223955,5.22972297668457,0.23584905660377353,0,0.6561935973563519,1,1,0.35185185185185186,0.37037037037037035,CR7__rollout023
low_error,CR7__rollout015__segment0,60,114,CR7,0.4449152239298417,5.24630069732666,0.21698113207547165,0,0.7008942258056162,1,1,0.3148148148148148,0.25925925925925924,CR7__rollout015
low_error,CR7__rollout008__segment0,110,164,CR7,0.6991524817579884,1.9228289127349854,0.17452830188679247,3,0.9203945893911379,2,1,0.8888888888888888,0.7962962962962963,CR7__rollout008
low_error,CR7__rollout028__segment0,115,169,CR7,0.7245763075553765,1.8030472993850708,0.19811320754716977,3,0.9022291359401253,2,1,0.8888888888888888,0.8518518518518519,CR7__rollout028
low_error,SquatL1__rollout013__segment0,10,64,SquatL1,0.1433121133002506,0.5383106470108032,0.0,3,0.41509437358137524,0,0,1.0,1.0,SquatL1__rollout013
low_error,SquatL1__rollout016__segment0,25,79,SquatL1,0.20063693356362117,0.5874231457710266,0.0,3,0.4669052804301862,0,0,1.0,1.0,SquatL1__rollout016
low_error,SquatL1__rollout001__segment0,75,129,SquatL1,0.3917197361113919,0.4695415496826172,0.0,3,0.30573918498384783,1,0,1.0,1.0,SquatL1__rollout001
low_error,SquatL1__rollout025__segment0,110,164,SquatL1,0.5254776614486791,0.6039271950721741,0.0,3,0.4224876890941919,1,1,1.0,1.0,SquatL1__rollout025
low_error,SquatL1__rollout008__segment0,195,249,SquatL1,0.8503185260068079,2.598937511444092,0.0,3,0.4969169397724333,2,1,0.9629629629629629,0.8703703703703703,SquatL1__rollout008
low_error,SquatL1__rollout028__segment0,115,169,SquatL1,0.5445860145957606,0.4323135316371918,0.0,3,0.43116526549713874,2,0,1.0,1.0,SquatL1__rollout028
low_error,StepFBL1__rollout008__segment1,5,59,StepFBL1,0.16525424638036956,0.8173370957374573,0.0,3,0.4427494481960443,0,0,1.0,0.7592592592592593,StepFBL1__rollout008
low_error,StepFBL1__rollout007__segment0,0,54,StepFBL1,0.1398304963515977,3.612137794494629,0.0,3,0.4056535419195567,0,1,0.9259259259259259,0.7037037037037037,StepFBL1__rollout007
low_error,StepFBL1__rollout002__segment0,25,79,StepFBL1,0.26694914041939427,2.445053815841675,0.089622641509434,3,0.5563240453769777,1,1,0.5185185185185185,0.5,StepFBL1__rollout002
low_error,StepFBL1__rollout010__segment0,25,79,StepFBL1,0.26694914041939427,1.6592369079589844,0.03301886792452835,3,0.5591633724351202,1,1,0.5925925925925926,0.6666666666666666,StepFBL1__rollout010
low_error,StepFBL1__rollout006__segment0,50,104,StepFBL1,0.39406778448719093,1.237477421760559,0.05660377358490565,3,0.45399140989675657,2,0,0.5370370370370371,0.7407407407407407,StepFBL1__rollout006
low_error,StepFBL1__rollout016__segment0,41,95,StepFBL1,0.3483050556506141,2.5933635234832764,0.08018867924528306,2,0.5216189616337981,2,1,0.37037037037037035,0.5370370370370371,StepFBL1__rollout016
