run,method,stratum,global_position_mm,joint_position_mse_rad2,joint_velocity_mse_rad2_s2,joint_position_rmse_rad,joint_velocity_rmse_rad_s,included_frame_entries,included_parent_groups,included_tasks
primary,Random windows,j0_bin0,44.272361036009265,0.014111891484246575,19.666962810862394,0.11879348249902676,4.434744954432261,999,15,3
primary,Random windows,j0_bin1,41.978401798672145,0.013837485737011374,2.0217285151917186,0.11763284293517424,1.4218749998476372,1173,15,3
primary,Random windows,j1_bin1,30.64135530160533,0.0020639196951395492,8.33852653282395,0.045430382951715795,2.8876506943922338,1038,15,3
primary,Random windows,j1_bin2,55.289737383524574,0.01089304861122097,40.86737363621592,0.10436976866516937,6.392759469604337,515,12,3
primary,Random windows,j2_bin0,41.01467744562361,0.019586433499579368,29.349273831786377,0.13995153982568168,5.417497008008992,1415,15,3
primary,Random windows,j2_bin1,43.882858763668274,0.02109618372258511,6.834016491265243,0.14524525370071517,2.614195189970566,947,15,3
primary,Random windows,j2_bin2,28.293430879380967,0.008819220474146681,1.6484637367021706,0.09391070478995822,1.2839251289316564,772,11,3
primary,Random windows,j3_bin0,25.489206029574078,0.004195570178602187,9.08060076266527,0.06477322115351518,3.0134035180614744,1188,15,3
primary,Random windows,j3_bin1,27.807679274082187,0.0006508011085454811,7.847522715056296,0.02551080376125929,2.8013430198846225,1183,15,3
primary,Random windows,j3_bin2,52.29981720559299,0.0054535957110043816,9.618105962787133,0.07384846451351837,3.1013071377706423,863,10,2
primary,Random windows,j0_bin2,37.42176056755914,0.012720305070559131,3.7966553984044324,0.11278432989808083,1.9485008079044854,1060,15,3
primary,Random windows,j1_bin0,44.44870502789814,0.0035907621167461917,10.615554567376773,0.0599229681903875,3.2581520172295173,1150,10,2
primary,Servo-error coverage,j0_bin0,50.74713928838571,0.01156965593019423,16.93304861741761,0.10756233509084037,4.114978568281688,999,15,3
primary,Servo-error coverage,j0_bin1,48.144463470247054,0.02430913228395697,8.010998317383233,0.15591386174409563,2.830370703173567,1173,15,3
primary,Servo-error coverage,j1_bin1,38.576397358510235,0.003743657546195089,6.2254696424940095,0.06118543573592566,2.4950891051210995,1038,15,3
primary,Servo-error coverage,j1_bin2,70.00600413944986,0.005581059738389185,21.97953311046832,0.07470649060415825,4.688233474398253,515,12,3
primary,Servo-error coverage,j2_bin0,54.45497609655063,0.01065995967887324,20.50926230595965,0.10324708072809245,4.528715304140861,1415,15,3
primary,Servo-error coverage,j2_bin1,49.777209642463255,0.0258060907112445,8.258803529188866,0.16064274247921848,2.873813412382381,947,15,3
primary,Servo-error coverage,j2_bin2,38.04894649717543,0.01614260171481874,3.258824445203775,0.12705353877330114,1.8052214393818213,772,11,3
primary,Servo-error coverage,j3_bin0,34.11257338720891,0.001215349855677535,2.7863561737868525,0.03486186821840641,1.6692382016317662,1188,15,3
primary,Servo-error coverage,j3_bin1,28.247443640629452,0.001550391633641341,1.8998442004362497,0.03937501280814193,1.3783483596087927,1183,15,3
primary,Servo-error coverage,j3_bin2,66.94349165558815,0.0007367280649920834,6.43683469487975,0.027142735031534377,2.5370917789626275,863,10,2
primary,Servo-error coverage,j0_bin2,48.602683934900504,0.03325173264128454,4.278482172689918,0.18235057620222794,2.0684492192678836,1060,15,3
primary,Servo-error coverage,j1_bin0,54.40218639502923,0.003633103024388523,10.587354182749987,0.060275227286079334,3.2538214737059543,1150,10,2
repeat,Random windows,j0_bin0,35.06803321904607,0.014181792580085735,22.069553569194138,0.11908733173635949,4.697824344225116,999,15,3
repeat,Random windows,j0_bin1,39.47118709385395,0.013823510580583806,2.5429402668660925,0.11757342633683772,1.5946599220103617,1173,15,3
repeat,Random windows,j1_bin1,27.916207287708914,0.001521038697178554,10.059225475683144,0.03900049611451826,3.171628205777459,1038,15,3
repeat,Random windows,j1_bin2,43.57367693874571,0.0023040568990725457,48.7293614185022,0.048000592695013104,6.980641905906806,515,12,3
repeat,Random windows,j2_bin0,39.363998021549655,0.037116884968248394,33.187389540233546,0.19265742905024036,5.760849723802345,1415,15,3
repeat,Random windows,j2_bin1,39.46462748673227,0.023404556560437616,9.995182958371522,0.15298547826652573,3.161515927268361,947,15,3
repeat,Random windows,j2_bin2,26.77882954279582,0.006907184941499306,2.498253481897215,0.08310947564206686,1.5805864360727682,772,11,3
repeat,Random windows,j3_bin0,25.289835972752837,0.004226664854867926,7.303020778016912,0.06501280531455265,2.702410179454058,1188,15,3
repeat,Random windows,j3_bin1,22.2213888906108,0.000641952522206704,4.047191789718341,0.02533678200179936,2.0117633533093153,1183,15,3
repeat,Random windows,j3_bin2,40.35786047006647,0.0011911014044789189,6.186483777345468,0.03451233698953055,2.4872643159393952,863,10,2
repeat,Random windows,j0_bin2,37.36946158130964,0.0127886499645279,4.693616004184716,0.11308691332124995,2.1664754797100096,1060,15,3
repeat,Random windows,j1_bin0,40.24856263160706,0.004237758461276826,12.20437740539511,0.0650980680302943,3.493476406875408,1150,10,2
repeat,Servo-error coverage,j0_bin0,43.89704418377744,0.014421726047466008,15.679797944803207,0.12009049107846136,3.9597724612410756,999,15,3
repeat,Servo-error coverage,j0_bin1,42.811407119697996,0.02478974864721732,3.2210947980865794,0.1574476060383813,1.7947408721279459,1173,15,3
repeat,Servo-error coverage,j1_bin1,36.107776283125084,0.0026991331942796547,9.273968971118531,0.051953182715591684,3.0453191903507473,1038,15,3
repeat,Servo-error coverage,j1_bin2,61.11856155236563,0.004882268414178712,42.80514051641027,0.06987323102718745,6.54256375715287,515,12,3
repeat,Servo-error coverage,j2_bin0,45.09597738398446,0.030189306354788836,13.482925955678025,0.17375070173898244,3.671910395921723,1415,15,3
repeat,Servo-error coverage,j2_bin1,48.230079231792025,0.021408219186699478,8.970923554951117,0.14631547828818206,2.9951500054172775,947,15,3
repeat,Servo-error coverage,j2_bin2,30.398563236660426,0.013914028833823977,4.380453711748124,0.11795774172907846,2.0929533467681796,772,11,3
repeat,Servo-error coverage,j3_bin0,30.926312454872658,0.004445013073935418,2.716926665653785,0.06667093125144884,1.6483102455708345,1188,15,3
repeat,Servo-error coverage,j3_bin1,29.673456033203337,0.0009551621359721591,1.9321395412634317,0.03090569746781585,1.3900142234032828,1183,15,3
repeat,Servo-error coverage,j3_bin2,60.45874652179579,0.0006001771774994799,7.056781278674801,0.024498513781441515,2.656460291191043,863,10,2
repeat,Servo-error coverage,j0_bin2,47.56735325151019,0.0172177480596454,7.36321974095164,0.13121641688312252,2.713525334496002,1060,15,3
repeat,Servo-error coverage,j1_bin0,46.24808111995459,0.005692279541369772,13.164305410683156,0.07544719704117424,3.6282647933527614,1150,10,2
